{
    "Olympus 5x (0.73 мкм/px)": 0.7393,
    "Olympus 10x (0.37 мкм/px)": 0.3669,
    "Olympus 50x (0.074 мкм/px)": 0.07365,
    "Olympus 100x (0.037 мкм/px)": 0.03683
}